Mon Dec 07 2020 15:23:48 GMT+0900 (GMT+09:00),"아이유 - 스물셋.mp3"
Mon Dec 07 2020 15:24:27 GMT+0900 (GMT+09:00),"아이유 - 무릎.mp3"
Mon Dec 07 2020 15:24:29 GMT+0900 (GMT+09:00),"아이유 - 너랑 나.mp3"
Mon Dec 07 2020 15:24:43 GMT+0900 (GMT+09:00),"아이유 - 시간의 바깥.mp3"
Mon Dec 07 2020 15:24:46 GMT+0900 (GMT+09:00),"레옹 – 이유 갓지 않은 이유 (박명수, 아이유).mp3"
Mon Dec 07 2020 15:24:48 GMT+0900 (GMT+09:00),"비밀의 화원 - 아이유.mp3"
Mon Dec 07 2020 15:24:51 GMT+0900 (GMT+09:00),"태연 - 불티.mp3"
Mon Dec 07 2020 15:24:53 GMT+0900 (GMT+09:00),"태연 - 그대라는 시 (드라마 호텔델루나 OST 中).mp3"
Mon Dec 07 2020 15:24:55 GMT+0900 (GMT+09:00),"소녀시대 - 다시 만난 세계.mp3"
Mon Dec 07 2020 15:24:57 GMT+0900 (GMT+09:00),"꽃갈피 1 ['14]/아이유-너의 의미 (Feat. 김창완) (원곡 산울림).mp3"
Mon Dec 07 2020 15:24:59 GMT+0900 (GMT+09:00),"아이유 - 잊어야 한다는 마음으로.mp3"
Wed Dec 09 2020 15:17:18 GMT+0900 (GMT+09:00),"아이유 - 스물셋.mp3"
Wed Dec 09 2020 15:18:47 GMT+0900 (GMT+09:00),"아이유 - Blueming.mp3"
Wed Dec 09 2020 15:18:47 GMT+0900 (GMT+09:00),"비밀의 화원 - 아이유.mp3"
Wed Dec 09 2020 15:18:48 GMT+0900 (GMT+09:00),"레옹 – 이유 갓지 않은 이유 (박명수, 아이유).mp3"
Wed Dec 09 2020 15:18:49 GMT+0900 (GMT+09:00),"3집 항해 ['19]/악동뮤지션 - 작별 인사.mp3"
Wed Dec 09 2020 15:18:50 GMT+0900 (GMT+09:00),"기억을 걷는 시간 - 넬.mp3"
Wed Dec 09 2020 15:18:51 GMT+0900 (GMT+09:00),"이하이 - 한숨.mp3"
Wed Dec 09 2020 15:19:13 GMT+0900 (GMT+09:00),"아이유 - 스물셋.mp3"
Wed Dec 09 2020 15:19:52 GMT+0900 (GMT+09:00),"아이유 - 스물셋.mp3"
Wed Dec 09 2020 16:52:49 GMT+0900 (GMT+09:00),"아이유 - 스물셋.mp3"
